epoch,lr,train_elapsed_time,valid_elapsed_time,train_loss,valid_loss,valid_accuracy
1,5e-05,349.3,91.1,1.2848980969190598,0.9339483072795716,0.6683316826820374
2,5e-05,349.4,91.2,0.8211951369047165,0.9367096483618377,0.649350643157959
3,5e-05,350.8,93.2,0.5466835962533951,1.0258502852453653,0.6223776340484619
4,5e-05,354.1,93.5,0.3568569405376911,1.2357219086358866,0.6033965945243835
5,5e-05,353.6,93.0,0.275626841455698,1.250583224920593,0.64035964012146
