epoch,lr,train_elapsed_time,valid_elapsed_time,train_loss,valid_loss,valid_accuracy
1,5e-05,352.0,94.4,1.2848980969190598,0.9339483072795716,0.6683316826820374
2,5e-05,351.1,95.6,0.8211951369047165,0.9367096483618377,0.649350643157959
