epoch,lr,train_elapsed_time,valid_elapsed_time,train_loss,valid_loss,valid_accuracy
1,5e-05,347.8,91.8,1.23398033618927,0.9990508442380989,0.6433566212654114
2,5e-05,344.9,91.7,0.8258200260996819,0.9275509107160378,0.6503496766090393
