epoch,lr,train_elapsed_time,valid_elapsed_time,train_loss,valid_loss,valid_accuracy
1,5e-05,348.3,93.8,1.2848980969190598,0.9339483072795716,0.6683316826820374
2,5e-05,350.0,91.8,0.8211951369047165,0.9367096483618377,0.649350643157959
3,5e-05,348.1,91.0,0.5466835962533951,1.0258502852453653,0.6223776340484619
