epoch_id,train_serial,train_loss,train_iou,train_elapsed_time,val_loss,val_iou,val_elapsed_time
0,20231120_042925,0.11342089880257845,0.37227338532606774,107.1,0.044371875450015065,0.4876850446065267,12.7
1,20231120_042925,0.04280083908389012,0.4640197484691941,106.4,0.040184331039587656,0.43449181040128065,11.9
2,20231120_042925,0.03974839388082425,0.47675563176472996,83.5,0.039066119119524956,0.4715020004908243,7.1
3,20231120_042925,0.038415876155098276,0.48275758445262884,74.6,0.037286159892876945,0.48340451717376715,12.7
4,20231120_042925,0.03629605226839582,0.49292083909114215,112.9,0.037100650717814765,0.4450442997614543,13.0
5,20231120_042925,0.0356594527233392,0.4956276926398277,112.0,0.036462187469005584,0.5245477712154388,13.1
6,20231120_042925,0.03476941214874387,0.5002992883324623,112.1,0.035840346117814385,0.47128878474235525,12.5
